-- MySQL dump 10.13  Distrib 8.0.36, for Win64 (x86_64)
--
-- Host: 127.0.0.1    Database: groupomania
-- ------------------------------------------------------
-- Server version	8.0.36

/*!40101 SET @OLD_CHARACTER_SET_CLIENT=@@CHARACTER_SET_CLIENT */;
/*!40101 SET @OLD_CHARACTER_SET_RESULTS=@@CHARACTER_SET_RESULTS */;
/*!40101 SET @OLD_COLLATION_CONNECTION=@@COLLATION_CONNECTION */;
/*!50503 SET NAMES utf8 */;
/*!40103 SET @OLD_TIME_ZONE=@@TIME_ZONE */;
/*!40103 SET TIME_ZONE='+00:00' */;
/*!40014 SET @OLD_UNIQUE_CHECKS=@@UNIQUE_CHECKS, UNIQUE_CHECKS=0 */;
/*!40014 SET @OLD_FOREIGN_KEY_CHECKS=@@FOREIGN_KEY_CHECKS, FOREIGN_KEY_CHECKS=0 */;
/*!40101 SET @OLD_SQL_MODE=@@SQL_MODE, SQL_MODE='NO_AUTO_VALUE_ON_ZERO' */;
/*!40111 SET @OLD_SQL_NOTES=@@SQL_NOTES, SQL_NOTES=0 */;

--
-- Table structure for table `post`
--

DROP TABLE IF EXISTS `post`;
/*!40101 SET @saved_cs_client     = @@character_set_client */;
/*!50503 SET character_set_client = utf8mb4 */;
CREATE TABLE `post` (
  `id` int NOT NULL AUTO_INCREMENT,
  `title` varchar(255) DEFAULT NULL,
  `text` varchar(500) CHARACTER SET utf8mb4 COLLATE utf8mb4_0900_ai_ci DEFAULT NULL,
  `date` datetime NOT NULL DEFAULT CURRENT_TIMESTAMP,
  `userId` int NOT NULL,
  `dateModify` datetime DEFAULT CURRENT_TIMESTAMP,
  `nbLike` int DEFAULT '0',
  `urlImage` varchar(255) DEFAULT NULL,
  PRIMARY KEY (`id`),
  KEY `post_FK` (`userId`),
  CONSTRAINT `post_FK` FOREIGN KEY (`userId`) REFERENCES `utilisateur` (`id`) ON DELETE CASCADE ON UPDATE CASCADE
) ENGINE=InnoDB AUTO_INCREMENT=105 DEFAULT CHARSET=utf8mb4 COLLATE=utf8mb4_0900_ai_ci;
/*!40101 SET character_set_client = @saved_cs_client */;

--
-- Dumping data for table `post`
--

LOCK TABLES `post` WRITE;
/*!40000 ALTER TABLE `post` DISABLE KEYS */;
INSERT INTO `post` VALUES (90,'Un Bonjour de l\'administrateur','','2022-09-06 21:06:00',68,'2022-09-06 21:13:12',3,'http://localhost:3000/images/student-g2db55e275_1920.jpg1662491592421.jpg'),(103,'Nature','Il est superbe cet oiseau!','2024-01-19 19:44:58',72,NULL,1,'http://localhost:3000/images/pexels-rui-neves-2167039.jpg1705689898674.jpg'),(104,'Sport','Qui veut faire une petite partie?','2024-01-19 19:49:43',73,NULL,1,'http://localhost:3000/images/pexels-artūras-kokorevas-15954324.jpg1705690183574.jpg');
/*!40000 ALTER TABLE `post` ENABLE KEYS */;
UNLOCK TABLES;

--
-- Table structure for table `postlike`
--

DROP TABLE IF EXISTS `postlike`;
/*!40101 SET @saved_cs_client     = @@character_set_client */;
/*!50503 SET character_set_client = utf8mb4 */;
CREATE TABLE `postlike` (
  `userId` int NOT NULL,
  `postId` int NOT NULL,
  KEY `postLike_FK_1` (`postId`),
  KEY `postLike_FK` (`userId`),
  CONSTRAINT `postLike_FK` FOREIGN KEY (`userId`) REFERENCES `utilisateur` (`id`) ON DELETE CASCADE ON UPDATE CASCADE,
  CONSTRAINT `postLike_FK_1` FOREIGN KEY (`postId`) REFERENCES `post` (`id`) ON DELETE CASCADE ON UPDATE CASCADE
) ENGINE=InnoDB DEFAULT CHARSET=utf8mb4 COLLATE=utf8mb4_0900_ai_ci;
/*!40101 SET character_set_client = @saved_cs_client */;

--
-- Dumping data for table `postlike`
--

LOCK TABLES `postlike` WRITE;
/*!40000 ALTER TABLE `postlike` DISABLE KEYS */;
INSERT INTO `postlike` VALUES (68,90),(64,90),(73,103),(73,90),(73,104);
/*!40000 ALTER TABLE `postlike` ENABLE KEYS */;
UNLOCK TABLES;

--
-- Table structure for table `utilisateur`
--

DROP TABLE IF EXISTS `utilisateur`;
/*!40101 SET @saved_cs_client     = @@character_set_client */;
/*!50503 SET character_set_client = utf8mb4 */;
CREATE TABLE `utilisateur` (
  `id` int NOT NULL AUTO_INCREMENT,
  `pseudo` varchar(255) CHARACTER SET utf8mb4 COLLATE utf8mb4_0900_ai_ci NOT NULL,
  `password` varchar(255) CHARACTER SET utf8mb4 COLLATE utf8mb4_0900_ai_ci NOT NULL,
  `email` varchar(255) CHARACTER SET utf8mb4 COLLATE utf8mb4_0900_ai_ci NOT NULL,
  `admin` tinyint(1) DEFAULT '0',
  PRIMARY KEY (`id`),
  UNIQUE KEY `e-mail` (`email`),
  UNIQUE KEY `pseudo` (`pseudo`)
) ENGINE=InnoDB AUTO_INCREMENT=74 DEFAULT CHARSET=utf8mb4 COLLATE=utf8mb4_0900_ai_ci;
/*!40101 SET character_set_client = @saved_cs_client */;

--
-- Dumping data for table `utilisateur`
--

LOCK TABLES `utilisateur` WRITE;
/*!40000 ALTER TABLE `utilisateur` DISABLE KEYS */;
INSERT INTO `utilisateur` VALUES (64,'Guillaume2','$2b$10$pOk.2AGR7Jdmg4FA8S/ZEuQa4TZNg6SXNiIAydeqXMuY9dpOIqvjy','aout@gmail.com',0),(65,'Guillaume3','$2b$10$8H8k.pu8GMGhqX4evkJgOeyS9HErTBPxjViK2WjsQJmBQAG5scu8.','septembre@gmail.com',0),(68,'Administrateur','$2b$10$ZpwX0B.mfo39FHw2Zrf1YOyJPmNE0C51RaDm6HcHLAVwu5NrcVtiS','admin@gmail.com',1),(71,'test','$2b$10$JcdCs5EIT2q/MAKEhooFoeRFR9AVEUaekKOFmQB73s9oe05/uof/u','test@gmail.com',0),(72,'Guillaume','$2b$10$.e2zC7ZZ28ZvPXvoNkiwKO9yE6OD5piLexnR6.MGHZvAAHJ.DT4T2','test2@gmail.com',0),(73,'Martin','$2b$10$eIRQt2VKucVbAyx3SkdQl.n7HNQ0HDIPI3M.0rD8Qc3pD0wi/gera','martin@gmail.com',0);
/*!40000 ALTER TABLE `utilisateur` ENABLE KEYS */;
UNLOCK TABLES;
/*!40103 SET TIME_ZONE=@OLD_TIME_ZONE */;

/*!40101 SET SQL_MODE=@OLD_SQL_MODE */;
/*!40014 SET FOREIGN_KEY_CHECKS=@OLD_FOREIGN_KEY_CHECKS */;
/*!40014 SET UNIQUE_CHECKS=@OLD_UNIQUE_CHECKS */;
/*!40101 SET CHARACTER_SET_CLIENT=@OLD_CHARACTER_SET_CLIENT */;
/*!40101 SET CHARACTER_SET_RESULTS=@OLD_CHARACTER_SET_RESULTS */;
/*!40101 SET COLLATION_CONNECTION=@OLD_COLLATION_CONNECTION */;
/*!40111 SET SQL_NOTES=@OLD_SQL_NOTES */;

-- Dump completed on 2024-01-20  1:43:18
